<?xml version="1.0" encoding="UTF-8"?>
<project-private xmlns="http://www.netbeans.org/ns/project-private/1">
    <editor-bookmarks xmlns="http://www.netbeans.org/ns/editor-bookmarks/2" lastBookmarkId="0"/>
    <open-files xmlns="http://www.netbeans.org/ns/projectui-open-files/2">
        <group name="ejercicios_repaso_H_P_repaso2">
            <file>file:/C:/Users/adria/Documents/NetBeansProjects/ejercicios_repaso_H_P_repaso2/ejercicios_repaso_H_P_repaso2_02/src/ejercicios_repaso_h_p_repaso2_02/Ejercicios_repaso_H_P_repaso2_02.java</file>
            <file>file:/C:/Users/adria/Documents/NetBeansProjects/ejercicios_repaso_H_P_repaso2/ejercicios_repaso_H_P_repaso2_02/src/ejercicios_repaso_h_p_repaso2_02/Empleado.java</file>
            <file>file:/C:/Users/adria/Documents/NetBeansProjects/ejercicios_repaso_H_P_repaso2/ejercicios_repaso_H_P_repaso2_02/src/ejercicios_repaso_h_p_repaso2_02/Tecnico.java</file>
            <file>file:/C:/Users/adria/Documents/NetBeansProjects/ejercicios_repaso_H_P_repaso2/ejercicios_repaso_H_P_repaso2_02/src/ejercicios_repaso_h_p_repaso2_02/Comercial.java</file>
        </group>
    </open-files>
</project-private>
