<?xml version="1.0" encoding="UTF-8"?>
<project-private xmlns="http://www.netbeans.org/ns/project-private/1">
    <editor-bookmarks xmlns="http://www.netbeans.org/ns/editor-bookmarks/2" lastBookmarkId="0"/>
    <open-files xmlns="http://www.netbeans.org/ns/projectui-open-files/2">
        <group name="Examen2">
            <file>file:/C:/Users/adria/Documents/NetBeansProjects/Examen2/Ej2_Adrian_2ev/src/ej2_adrian_2ev/Ej2_Adrian_2ev.java</file>
            <file>file:/C:/Users/adria/Documents/NetBeansProjects/Examen2/Ej2_Adrian_2ev/src/ej2_adrian_2ev/Cazador.java</file>
            <file>file:/C:/Users/adria/Documents/NetBeansProjects/Examen2/Ej2_Adrian_2ev/src/ej2_adrian_2ev/Perro.java</file>
            <file>file:/C:/Users/adria/Documents/NetBeansProjects/Examen2/Ej2_Adrian_2ev/src/ej2_adrian_2ev/Animal.java</file>
        </group>
    </open-files>
</project-private>
